id;unit_no;street;city;country;postcode
1;models CFP Franc Human;Marquise Ford;Cartershire;Suriname;Home Loan Account
2;synthesizing;Harvey Lane;Altenwerthfort;Bangladesh;needs-based Architect
3;optical Customer;Waelchi Landing;West Deliaview;Luxembourg;Health copy
4;Savings Account;Crawford Wall;North Linneamouth;Bosnia and Herzegovina;microchip Awesome Wooden Table Tuna
5;generate Berkshire invoice;Lebsack Mountains;Mannfurt;Gambia;Incredible capacitor Grove
6;hacking;Lesch Forges;Rutherfordbury;Republic of Korea;orchid SMTP driver
7;Home Quality-focused;Novella Cape;Treutelborough;Turkey;Avon
8;Orchestrator calculating;Russel Fords;Strackehaven;Aruba;grow
9;USB;Pollich Plaza;South Camryn;Spain;morph bus
10;azure projection calculating;Rozella Circles;Oberbrunnermouth;United Arab Emirates;Savings Account Gorgeous invoice
